Workbook

Sheet Assumptions
B2: TPM Compensation — Option 1 vs Option 2
B3: Comparing a fixed per-introduction fee against an upfront share of one year of management fees on assets raised into H2O funds.
B5: HOW TO USE
B6: Edit only the yellow cells with blue text (column C below). Every other number in this workbook is a formula and updates automatically.
B7: Colour key: blue text = input you can change · black text = formula · green text = link to the Assumptions sheet.
B9: OPTION 1 — DEAL BY DEAL (fixed introduction fee)
B10: Fixed fee per introduction | C10: 10000
B11: Number of introductions in scope | C11: 10
B12: Total Option 1 payout | C12: =C10*C11 -> 100000 | D12: fee per introduction × number of introductions
B14: OPTION 2 — SHARE OF MANAGEMENT FEES (paid upfront)
B15: Fund management fee (% of AUM p.a.) | C15: 0.01
B16: TPM share of the management fee | C16: 0.2
B17: Years of fees paid upfront | C17: 1
B18: Effective payout rate on assets raised | C18: =C15*C16*C17 -> 0.002 | D18: management fee × TPM share × years paid upfront
B20: ASSUMPTIONS AND CONVENTIONS
B21: 1. All amounts are in euros. The model is currency-agnostic — relabel if the mandate is in another currency.
B22: 2. Option 2 is paid once, upfront, on the assets raised. No redemption, clawback or fee-decay assumption is applied.
B23: 3. Assets raised are treated as the amount actually invested into H2O funds by prospects the TPM introduced.
B24: 4. Option 1 is paid on introduction, regardless of whether the prospect ultimately invests.
B25: 5. No discounting is applied: both options are compared as nominal cash paid in year 1.
B26: 6. Source of the €10,000 fee, the 1.00% management fee and the 20% share: user-supplied placeholders, all editable above.

Sheet Payout Comparison
B2: Payout comparison by level of assets raised
B3: Assets raised from €10m to €100m in €5m steps. All figures update from the Assumptions sheet.
B5: Assets raised (€m) | C5: Assets raised (€) | D5: Option 1 — deal by deal | E5: Option 2 — fee share | F5: Difference (Opt 2 − Opt 1) | G5: Option 2 / Option 1 | H5: Introductions Option 1 needs to match Option 2 | I5: Better option for the TPM
B6: 10 | C6: =B6*1000000 -> 10000000 | D6: =Assumptions!$C$12 -> 100000 | E6: =C6*Assumptions!$C$18 -> 20000 | F6: =E6-D6 -> -80000 | G6: =IF(D6=0,"n/a",E6/D6) -> 0.2 | H6: =IF(Assumptions!$C$10<=0,"n/a",E6/Assumptions!$C$10) -> 2 | I6: =IF(E6>D6,"Option 2",IF(E6=D6,"Identical","Option 1")) -> Option 1
B7: 15 | C7: =B7*1000000 -> 15000000 | D7: =Assumptions!$C$12 -> 100000 | E7: =C7*Assumptions!$C$18 -> 30000 | F7: =E7-D7 -> -70000 | G7: =IF(D7=0,"n/a",E7/D7) -> 0.3 | H7: =IF(Assumptions!$C$10<=0,"n/a",E7/Assumptions!$C$10) -> 3 | I7: =IF(E7>D7,"Option 2",IF(E7=D7,"Identical","Option 1")) -> Option 1
B8: 20 | C8: =B8*1000000 -> 20000000 | D8: =Assumptions!$C$12 -> 100000 | E8: =C8*Assumptions!$C$18 -> 40000 | F8: =E8-D8 -> -60000 | G8: =IF(D8=0,"n/a",E8/D8) -> 0.4 | H8: =IF(Assumptions!$C$10<=0,"n/a",E8/Assumptions!$C$10) -> 4 | I8: =IF(E8>D8,"Option 2",IF(E8=D8,"Identical","Option 1")) -> Option 1
B9: 25 | C9: =B9*1000000 -> 25000000 | D9: =Assumptions!$C$12 -> 100000 | E9: =C9*Assumptions!$C$18 -> 50000 | F9: =E9-D9 -> -50000 | G9: =IF(D9=0,"n/a",E9/D9) -> 0.5 | H9: =IF(Assumptions!$C$10<=0,"n/a",E9/Assumptions!$C$10) -> 5 | I9: =IF(E9>D9,"Option 2",IF(E9=D9,"Identical","Option 1")) -> Option 1
B10: 30 | C10: =B10*1000000 -> 30000000 | D10: =Assumptions!$C$12 -> 100000 | E10: =C10*Assumptions!$C$18 -> 60000 | F10: =E10-D10 -> -40000 | G10: =IF(D10=0,"n/a",E10/D10) -> 0.6 | H10: =IF(Assumptions!$C$10<=0,"n/a",E10/Assumptions!$C$10) -> 6 | I10: =IF(E10>D10,"Option 2",IF(E10=D10,"Identical","Option 1")) -> Option 1
B11: 35 | C11: =B11*1000000 -> 35000000 | D11: =Assumptions!$C$12 -> 100000 | E11: =C11*Assumptions!$C$18 -> 70000 | F11: =E11-D11 -> -30000 | G11: =IF(D11=0,"n/a",E11/D11) -> 0.7 | H11: =IF(Assumptions!$C$10<=0,"n/a",E11/Assumptions!$C$10) -> 7 | I11: =IF(E11>D11,"Option 2",IF(E11=D11,"Identical","Option 1")) -> Option 1
B12: 40 | C12: =B12*1000000 -> 40000000 | D12: =Assumptions!$C$12 -> 100000 | E12: =C12*Assumptions!$C$18 -> 80000 | F12: =E12-D12 -> -20000 | G12: =IF(D12=0,"n/a",E12/D12) -> 0.8 | H12: =IF(Assumptions!$C$10<=0,"n/a",E12/Assumptions!$C$10) -> 8 | I12: =IF(E12>D12,"Option 2",IF(E12=D12,"Identical","Option 1")) -> Option 1
B13: 45 | C13: =B13*1000000 -> 45000000 | D13: =Assumptions!$C$12 -> 100000 | E13: =C13*Assumptions!$C$18 -> 90000 | F13: =E13-D13 -> -10000 | G13: =IF(D13=0,"n/a",E13/D13) -> 0.9 | H13: =IF(Assumptions!$C$10<=0,"n/a",E13/Assumptions!$C$10) -> 9 | I13: =IF(E13>D13,"Option 2",IF(E13=D13,"Identical","Option 1")) -> Option 1
B14: 50 | C14: =B14*1000000 -> 50000000 | D14: =Assumptions!$C$12 -> 100000 | E14: =C14*Assumptions!$C$18 -> 100000 | F14: =E14-D14 -> 0 | G14: =IF(D14=0,"n/a",E14/D14) -> 1 | H14: =IF(Assumptions!$C$10<=0,"n/a",E14/Assumptions!$C$10) -> 10 | I14: =IF(E14>D14,"Option 2",IF(E14=D14,"Identical","Option 1")) -> Identical
B15: 55 | C15: =B15*1000000 -> 55000000 | D15: =Assumptions!$C$12 -> 100000 | E15: =C15*Assumptions!$C$18 -> 110000 | F15: =E15-D15 -> 10000 | G15: =IF(D15=0,"n/a",E15/D15) -> 1.1 | H15: =IF(Assumptions!$C$10<=0,"n/a",E15/Assumptions!$C$10) -> 11 | I15: =IF(E15>D15,"Option 2",IF(E15=D15,"Identical","Option 1")) -> Option 2
B16: 60 | C16: =B16*1000000 -> 60000000 | D16: =Assumptions!$C$12 -> 100000 | E16: =C16*Assumptions!$C$18 -> 120000 | F16: =E16-D16 -> 20000 | G16: =IF(D16=0,"n/a",E16/D16) -> 1.2 | H16: =IF(Assumptions!$C$10<=0,"n/a",E16/Assumptions!$C$10) -> 12 | I16: =IF(E16>D16,"Option 2",IF(E16=D16,"Identical","Option 1")) -> Option 2
B17: 65 | C17: =B17*1000000 -> 65000000 | D17: =Assumptions!$C$12 -> 100000 | E17: =C17*Assumptions!$C$18 -> 130000 | F17: =E17-D17 -> 30000 | G17: =IF(D17=0,"n/a",E17/D17) -> 1.3 | H17: =IF(Assumptions!$C$10<=0,"n/a",E17/Assumptions!$C$10) -> 13 | I17: =IF(E17>D17,"Option 2",IF(E17=D17,"Identical","Option 1")) -> Option 2
... B24: 100 | C24: =B24*1000000 -> 100000000 | D24: =Assumptions!$C$12 -> 100000 | E24: =C24*Assumptions!$C$18 -> 200000 | F24: =E24-D24 -> 100000 | G24: =IF(D24=0,"n/a",E24/D24) -> 2 | H24: =IF(Assumptions!$C$10<=0,"n/a",E24/Assumptions!$C$10) -> 20 | I24: =IF(E24>D24,"Option 2",IF(E24=D24,"Identical","Option 1")) -> Option 2
B26: BREAKEVEN — where Option 2 overtakes Option 1
B27: Total Option 1 payout | C27: =Assumptions!$C$12 -> 100000
B28: Effective payout rate on assets (Option 2) | C28: =Assumptions!$C$18 -> 0.002
B29: Breakeven assets raised (€) | C29: =IF(C28<=0,"n/a",C27/C28) -> 50000000
B30: Breakeven assets raised (€m) | C30: =IF(ISNUMBER(C29),C29/1000000,"n/a") -> 50
B31: =IF(NOT(ISNUMBER(C30)),"Set a management fee, a TPM share and a period above to compute a breakeven.","Option 2 pays the TPM more than Option 1 once assets raised exceed €"&TEXT(C30,"#,##0.0")&"m. Below that level the deal-by-deal fee is worth more.") -> Option 2 pays the TPM more than Option 1 once assets raised exceed €50.0m. Below that level the deal-by-deal fee is worth more.
B32: =IF(NOT(ISNUMBER(C30)),"",IF(AND(C30>=10,C30<=100),"The breakeven falls inside the range shown in the table above - the crossing point is visible on the Payout Chart.","Note: the breakeven falls OUTSIDE the 10m-100m range shown above, so one option dominates at every level in the table. Adjust the number of introductions or the fee terms on the Assumptions sheet to bring the crossing into range.")) -> The breakeven falls inside the range shown in the table above - the crossing point is visible on the Payout Chart.
B34: Read the table as: the TPM's whole book of introductions over a period (Option 1) versus the assets that book actually brings into H2O funds (Option 2). The 'Number of introductions' cell on the Assumptions sheet is the key lever - it sets how much Option 1 pays in total, and therefore where the breakeven sits.

Sheet Payout Chart
B2: TPM payout by assets raised — Option 1 vs Option 2
B3: The crossing point is the breakeven level of assets raised. Both lines redraw when the Assumptions sheet changes.
B32: Reading the chart
B33: The flat red line is Option 1: it does not move with assets raised, because the fee is paid per introduction.
B34: The rising navy line is Option 2: it scales linearly with assets raised at the effective payout rate.
B35: Where the lines cross is the breakeven — computed exactly on the Payout Comparison sheet.
B36: Left of the crossing the TPM earns more deal by deal; right of it the fee share wins, and keeps widening.

Sheet Sensitivity
B2: Sensitivity analysis
B3: Blue cells on the edges of each grid are inputs you can overwrite. Grid interiors are formulas.
B5: GRID 1 — Breakeven assets raised (€m), by management fee and TPM share
B6: Below the breakeven, Option 1 pays more. Above it, Option 2 pays more.
B8: Mgmt fee \ TPM share | C8: 0.1 | D8: 0.15 | E8: 0.2 | F8: 0.25 | G8: 0.3 | H8: 0.4 | I8: 0.5
B9: 0.005 | C9: =IF($B9*C$8*Assumptions!$C$17<=0,"n/a",Assumptions!$C$12/($B9*C$8*Assumptions!$C$17)/1000000) -> 200 | D9: =IF($B9*D$8*Assumptions!$C$17<=0,"n/a",Assumptions!$C$12/($B9*D$8*Assumptions!$C$17)/1000000) -> 133.33333 | E9: =IF($B9*E$8*Assumptions!$C$17<=0,"n/a",Assumptions!$C$12/($B9*E$8*Assumptions!$C$17)/1000000) -> 100 | F9: =IF($B9*F$8*Assumptions!$C$17<=0,"n/a",Assumptions!$C$12/($B9*F$8*Assumptions!$C$17)/1000000) -> 80 | G9: =IF($B9*G$8*Assumptions!$C$17<=0,"n/a",Assumptions!$C$12/($B9*G$8*Assumptions!$C$17)/1000000) -> 66.666667 | H9: =IF($B9*H$8*Assumptions!$C$17<=0,"n/a",Assumptions!$C$12/($B9*H$8*Assumptions!$C$17)/1000000) -> 50 | I9: =IF($B9*I$8*Assumptions!$C$17<=0,"n/a",Assumptions!$C$12/($B9*I$8*Assumptions!$C$17)/1000000) -> 40
B10: 0.0075 | C10: =IF($B10*C$8*Assumptions!$C$17<=0,"n/a",Assumptions!$C$12/($B10*C$8*Assumptions!$C$17)/1000000) -> 133.33333 | D10: =IF($B10*D$8*Assumptions!$C$17<=0,"n/a",Assumptions!$C$12/($B10*D$8*Assumptions!$C$17)/1000000) -> 88.888889 | E10: =IF($B10*E$8*Assumptions!$C$17<=0,"n/a",Assumptions!$C$12/($B10*E$8*Assumptions!$C$17)/1000000) -> 66.666667 | F10: =IF($B10*F$8*Assumptions!$C$17<=0,"n/a",Assumptions!$C$12/($B10*F$8*Assumptions!$C$17)/1000000) -> 53.333333 | G10: =IF($B10*G$8*Assumptions!$C$17<=0,"n/a",Assumptions!$C$12/($B10*G$8*Assumptions!$C$17)/1000000) -> 44.444444 | H10: =IF($B10*H$8*Assumptions!$C$17<=0,"n/a",Assumptions!$C$12/($B10*H$8*Assumptions!$C$17)/1000000) -> 33.333333 | I10: =IF($B10*I$8*Assumptions!$C$17<=0,"n/a",Assumptions!$C$12/($B10*I$8*Assumptions!$C$17)/1000000) -> 26.666667
B11: 0.01 | C11: =IF($B11*C$8*Assumptions!$C$17<=0,"n/a",Assumptions!$C$12/($B11*C$8*Assumptions!$C$17)/1000000) -> 100 | D11: =IF($B11*D$8*Assumptions!$C$17<=0,"n/a",Assumptions!$C$12/($B11*D$8*Assumptions!$C$17)/1000000) -> 66.666667 | E11: =IF($B11*E$8*Assumptions!$C$17<=0,"n/a",Assumptions!$C$12/($B11*E$8*Assumptions!$C$17)/1000000) -> 50 | F11: =IF($B11*F$8*Assumptions!$C$17<=0,"n/a",Assumptions!$C$12/($B11*F$8*Assumptions!$C$17)/1000000) -> 40 | G11: =IF($B11*G$8*Assumptions!$C$17<=0,"n/a",Assumptions!$C$12/($B11*G$8*Assumptions!$C$17)/1000000) -> 33.333333 | H11: =IF($B11*H$8*Assumptions!$C$17<=0,"n/a",Assumptions!$C$12/($B11*H$8*Assumptions!$C$17)/1000000) -> 25 | I11: =IF($B11*I$8*Assumptions!$C$17<=0,"n/a",Assumptions!$C$12/($B11*I$8*Assumptions!$C$17)/1000000) -> 20
B12: 0.0125 | C12: =IF($B12*C$8*Assumptions!$C$17<=0,"n/a",Assumptions!$C$12/($B12*C$8*Assumptions!$C$17)/1000000) -> 80 | D12: =IF($B12*D$8*Assumptions!$C$17<=0,"n/a",Assumptions!$C$12/($B12*D$8*Assumptions!$C$17)/1000000) -> 53.333333 | E12: =IF($B12*E$8*Assumptions!$C$17<=0,"n/a",Assumptions!$C$12/($B12*E$8*Assumptions!$C$17)/1000000) -> 40 | F12: =IF($B12*F$8*Assumptions!$C$17<=0,"n/a",Assumptions!$C$12/($B12*F$8*Assumptions!$C$17)/1000000) -> 32 | G12: =IF($B12*G$8*Assumptions!$C$17<=0,"n/a",Assumptions!$C$12/($B12*G$8*Assumptions!$C$17)/1000000) -> 26.666667 | H12: =IF($B12*H$8*Assumptions!$C$17<=0,"n/a",Assumptions!$C$12/($B12*H$8*Assumptions!$C$17)/1000000) -> 20 | I12: =IF($B12*I$8*Assumptions!$C$17<=0,"n/a",Assumptions!$C$12/($B12*I$8*Assumptions!$C$17)/1000000) -> 16
B13: 0.015 | C13: =IF($B13*C$8*Assumptions!$C$17<=0,"n/a",Assumptions!$C$12/($B13*C$8*Assumptions!$C$17)/1000000) -> 66.666667 | D13: =IF($B13*D$8*Assumptions!$C$17<=0,"n/a",Assumptions!$C$12/($B13*D$8*Assumptions!$C$17)/1000000) -> 44.444444 | E13: =IF($B13*E$8*Assumptions!$C$17<=0,"n/a",Assumptions!$C$12/($B13*E$8*Assumptions!$C$17)/1000000) -> 33.333333 | F13: =IF($B13*F$8*Assumptions!$C$17<=0,"n/a",Assumptions!$C$12/($B13*F$8*Assumptions!$C$17)/1000000) -> 26.666667 | G13: =IF($B13*G$8*Assumptions!$C$17<=0,"n/a",Assumptions!$C$12/($B13*G$8*Assumptions!$C$17)/1000000) -> 22.222222 | H13: =IF($B13*H$8*Assumptions!$C$17<=0,"n/a",Assumptions!$C$12/($B13*H$8*Assumptions!$C$17)/1000000) -> 16.666667 | I13: =IF($B13*I$8*Assumptions!$C$17<=0,"n/a",Assumptions!$C$12/($B13*I$8*Assumptions!$C$17)/1000000) -> 13.333333
B15: Values in €m of assets raised. Read: at a 1.00% management fee and a 20% share, Option 2 overtakes Option 1 at the figure in that cell.
B18: GRID 2 — Option 2 payout (€), by assets raised and TPM share, at the current management fee
B19: ="Management fee held at "&TEXT(Assumptions!$C$15,"0.00%")&" and "&TEXT(Assumptions!$C$17,"0.0")&" year(s) paid upfront. Compare against the Option 1 total of €"&TEXT(Assumptions!$C$12,"#,##0")&"." -> Management fee held at 1.00% and 1.0 year(s) paid upfront. Compare against the Option 1 total of €100,000.
B21: Assets raised (€m) \ TPM share | C21: 0.1 | D21: 0.15 | E21: 0.2 | F21: 0.25 | G21: 0.3 | H21: 0.4 | I21: 0.5
B22: 10 | C22: =$B22*1000000*Assumptions!$C$15*C$21*Assumptions!$C$17 -> 10000 | D22: =$B22*1000000*Assumptions!$C$15*D$21*Assumptions!$C$17 -> 15000 | E22: =$B22*1000000*Assumptions!$C$15*E$21*Assumptions!$C$17 -> 20000 | F22: =$B22*1000000*Assumptions!$C$15*F$21*Assumptions!$C$17 -> 25000 | G22: =$B22*1000000*Assumptions!$C$15*G$21*Assumptions!$C$17 -> 30000 | H22: =$B22*1000000*Assumptions!$C$15*H$21*Assumptions!$C$17 -> 40000 | I22: =$B22*1000000*Assumptions!$C$15*I$21*Assumptions!$C$17 -> 50000
B23: 20 | C23: =$B23*1000000*Assumptions!$C$15*C$21*Assumptions!$C$17 -> 20000 | D23: =$B23*1000000*Assumptions!$C$15*D$21*Assumptions!$C$17 -> 30000 | E23: =$B23*1000000*Assumptions!$C$15*E$21*Assumptions!$C$17 -> 40000 | F23: =$B23*1000000*Assumptions!$C$15*F$21*Assumptions!$C$17 -> 50000 | G23: =$B23*1000000*Assumptions!$C$15*G$21*Assumptions!$C$17 -> 60000 | H23: =$B23*1000000*Assumptions!$C$15*H$21*Assumptions!$C$17 -> 80000 | I23: =$B23*1000000*Assumptions!$C$15*I$21*Assumptions!$C$17 -> 100000
B24: 30 | C24: =$B24*1000000*Assumptions!$C$15*C$21*Assumptions!$C$17 -> 30000 | D24: =$B24*1000000*Assumptions!$C$15*D$21*Assumptions!$C$17 -> 45000 | E24: =$B24*1000000*Assumptions!$C$15*E$21*Assumptions!$C$17 -> 60000 | F24: =$B24*1000000*Assumptions!$C$15*F$21*Assumptions!$C$17 -> 75000 | G24: =$B24*1000000*Assumptions!$C$15*G$21*Assumptions!$C$17 -> 90000 | H24: =$B24*1000000*Assumptions!$C$15*H$21*Assumptions!$C$17 -> 120000 | I24: =$B24*1000000*Assumptions!$C$15*I$21*Assumptions!$C$17 -> 150000
B25: 40 | C25: =$B25*1000000*Assumptions!$C$15*C$21*Assumptions!$C$17 -> 40000 | D25: =$B25*1000000*Assumptions!$C$15*D$21*Assumptions!$C$17 -> 60000 | E25: =$B25*1000000*Assumptions!$C$15*E$21*Assumptions!$C$17 -> 80000 | F25: =$B25*1000000*Assumptions!$C$15*F$21*Assumptions!$C$17 -> 100000 | G25: =$B25*1000000*Assumptions!$C$15*G$21*Assumptions!$C$17 -> 120000 | H25: =$B25*1000000*Assumptions!$C$15*H$21*Assumptions!$C$17 -> 160000 | I25: =$B25*1000000*Assumptions!$C$15*I$21*Assumptions!$C$17 -> 200000
B26: 50 | C26: =$B26*1000000*Assumptions!$C$15*C$21*Assumptions!$C$17 -> 50000 | D26: =$B26*1000000*Assumptions!$C$15*D$21*Assumptions!$C$17 -> 75000 | E26: =$B26*1000000*Assumptions!$C$15*E$21*Assumptions!$C$17 -> 100000 | F26: =$B26*1000000*Assumptions!$C$15*F$21*Assumptions!$C$17 -> 125000 | G26: =$B26*1000000*Assumptions!$C$15*G$21*Assumptions!$C$17 -> 150000 | H26: =$B26*1000000*Assumptions!$C$15*H$21*Assumptions!$C$17 -> 200000 | I26: =$B26*1000000*Assumptions!$C$15*I$21*Assumptions!$C$17 -> 250000
B27: 60 | C27: =$B27*1000000*Assumptions!$C$15*C$21*Assumptions!$C$17 -> 60000 | D27: =$B27*1000000*Assumptions!$C$15*D$21*Assumptions!$C$17 -> 90000 | E27: =$B27*1000000*Assumptions!$C$15*E$21*Assumptions!$C$17 -> 120000 | F27: =$B27*1000000*Assumptions!$C$15*F$21*Assumptions!$C$17 -> 150000 | G27: =$B27*1000000*Assumptions!$C$15*G$21*Assumptions!$C$17 -> 180000 | H27: =$B27*1000000*Assumptions!$C$15*H$21*Assumptions!$C$17 -> 240000 | I27: =$B27*1000000*Assumptions!$C$15*I$21*Assumptions!$C$17 -> 300000
B28: 70 | C28: =$B28*1000000*Assumptions!$C$15*C$21*Assumptions!$C$17 -> 70000 | D28: =$B28*1000000*Assumptions!$C$15*D$21*Assumptions!$C$17 -> 105000 | E28: =$B28*1000000*Assumptions!$C$15*E$21*Assumptions!$C$17 -> 140000 | F28: =$B28*1000000*Assumptions!$C$15*F$21*Assumptions!$C$17 -> 175000 | G28: =$B28*1000000*Assumptions!$C$15*G$21*Assumptions!$C$17 -> 210000 | H28: =$B28*1000000*Assumptions!$C$15*H$21*Assumptions!$C$17 -> 280000 | I28: =$B28*1000000*Assumptions!$C$15*I$21*Assumptions!$C$17 -> 350000
B29: 80 | C29: =$B29*1000000*Assumptions!$C$15*C$21*Assumptions!$C$17 -> 80000 | D29: =$B29*1000000*Assumptions!$C$15*D$21*Assumptions!$C$17 -> 120000 | E29: =$B29*1000000*Assumptions!$C$15*E$21*Assumptions!$C$17 -> 160000 | F29: =$B29*1000000*Assumptions!$C$15*F$21*Assumptions!$C$17 -> 200000 | G29: =$B29*1000000*Assumptions!$C$15*G$21*Assumptions!$C$17 -> 240000 | H29: =$B29*1000000*Assumptions!$C$15*H$21*Assumptions!$C$17 -> 320000 | I29: =$B29*1000000*Assumptions!$C$15*I$21*Assumptions!$C$17 -> 400000
B30: 90 | C30: =$B30*1000000*Assumptions!$C$15*C$21*Assumptions!$C$17 -> 90000 | D30: =$B30*1000000*Assumptions!$C$15*D$21*Assumptions!$C$17 -> 135000 | E30: =$B30*1000000*Assumptions!$C$15*E$21*Assumptions!$C$17 -> 180000 | F30: =$B30*1000000*Assumptions!$C$15*F$21*Assumptions!$C$17 -> 225000 | G30: =$B30*1000000*Assumptions!$C$15*G$21*Assumptions!$C$17 -> 270000 | H30: =$B30*1000000*Assumptions!$C$15*H$21*Assumptions!$C$17 -> 360000 | I30: =$B30*1000000*Assumptions!$C$15*I$21*Assumptions!$C$17 -> 450000
B31: 100 | C31: =$B31*1000000*Assumptions!$C$15*C$21*Assumptions!$C$17 -> 100000 | D31: =$B31*1000000*Assumptions!$C$15*D$21*Assumptions!$C$17 -> 150000 | E31: =$B31*1000000*Assumptions!$C$15*E$21*Assumptions!$C$17 -> 200000 | F31: =$B31*1000000*Assumptions!$C$15*F$21*Assumptions!$C$17 -> 250000 | G31: =$B31*1000000*Assumptions!$C$15*G$21*Assumptions!$C$17 -> 300000 | H31: =$B31*1000000*Assumptions!$C$15*H$21*Assumptions!$C$17 -> 400000 | I31: =$B31*1000000*Assumptions!$C$15*I$21*Assumptions!$C$17 -> 500000
